{
  "title": "Sweden Military Computer Market by Component, Product, Application, and End-User (2025\u20132030)",
  "report_code": "AD3659",
  "industry": "Aerospace & Defense",
  "publish_date": "2025-11-06",
  "pages": 153,
  "tables": 117,
  "figures": 62,
  "market_sizes": {
    "2024": 84.8,
    "2025_est": 94.99,
    "2030_forecast": 142.3
  },
  "cagr_2025_2030_percent": 8.4,
  "analysis_period": "2024-2030",
  "base_year": 2024,
  "forecast_period": "2025-2030",
  "segments": {
    "component": [
      "Hardware",
      "Software",
      "Service"
    ],
    "product": [
      "Rugged Computer",
      "Embedded Computer",
      "Wearable Computer"
    ],
    "application": [
      "Command and Control Systems",
      "Communication Systems",
      "Combat and Tactical Operations",
      "Intelligence, Surveillance, and Reconnaissance (ISR) Systems",
      "Others"
    ],
    "end_user": [
      "Army",
      "Navy",
      "Air Force"
    ]
  },
  "key_players": [
    "BAE Systems",
    "Kontron AG",
    "MilDef Group AB",
    "Panasonic Holdings Corporation",
    "Intel Corporation",
    "Qualcomm",
    "AMD",
    "Thales Group",
    "NVIDIA",
    "MPL AG",
    "Palantir Technologies",
    "IBM",
    "ZMicro",
    "Mitsubishi Electric",
    "Getac"
  ],
  "source_url": "https://www.nextmsc.com/report/sweden-military-computer-market-ad3659"
}